<?xml version="1.0"?>

<block>
	<name>Random Periodic Message Source</name>
	<key>foo_random_periodic_msg_source</key>
	<category>[Foo]</category>
	<import>import foo</import>
	<import>import pmt</import>
	<make>foo.random_periodic_msg_source($msg_len, $interval, $num, $quit, $debug, $seed)</make>
	<param>
		<name>Message Length</name>
		<key>msg_len</key>
		<value>64</value>
		<type>int</type>
	</param>
	<param>
		<name>Period (ms)</name>
		<key>interval</key>
		<value>1000</value>
		<type>int</type>
	</param>
	<param>
		<name>Quit</name>
		<key>quit</key>
		<value>True</value>
		<type>bool</type>
		<option>
			<name>Enable</name>
			<key>True</key>
		</option>
		<option>
			<name>Disable</name>
			<key>False</key>
		</option>
	</param>
	<param>
		<name>Debug</name>
		<key>debug</key>
		<value>False</value>
		<type>bool</type>
		<option>
			<name>Enable</name>
			<key>True</key>
		</option>
		<option>
			<name>Disable</name>
			<key>False</key>
		</option>
	</param>
	<param>
		<name>Num Messages</name>
		<key>num</key>
		<value>1</value>
		<type>int</type>
	</param>
	<param>
		<name>Random Seed</name>
		<key>seed</key>
		<value>1</value>
		<type>int</type>
	</param>
	<source>
		<name>out</name>
		<type>message</type>
		<optional>1</optional>
	</source>
</block>
