<?xml version='1.0' encoding='UTF-8' standalone='no'?>
<doxygen xmlns:xsi="http://www.w3.org/2001/XMLSchema-instance" xsi:noNamespaceSchemaLocation="compound.xsd" version="1.6.3">
  <compounddef id="aadvark_8h" kind="file">
    <compoundname>aadvark.h</compoundname>
    <includes local="no">iostream</includes>
    <incdepgraph>
      <node id="3">
        <label>aadvark.h</label>
        <link refid="aadvark.h"/>
        <childnode refid="4" relation="include">
        </childnode>
      </node>
      <node id="4">
        <label>iostream</label>
      </node>
    </incdepgraph>
    <innerclass refid="classAadvark" prot="public">Aadvark</innerclass>
      <sectiondef kind="func">
      <memberdef kind="function" id="aadvark_8h_1acb52858524210ec6dddc3e16d1e52946" prot="public" static="no" const="no" explicit="no" inline="no" virt="non-virtual">
        <type>bool</type>
        <definition>bool aadvarky_enough</definition>
        <argsstring>(Aadvark aad)</argsstring>
        <name>aadvarky_enough</name>
        <param>
          <type><ref refid="classAadvark" kindref="compound">Aadvark</ref></type>
          <declname>aad</declname>
        </param>
        <briefdescription>
        </briefdescription>
        <detaileddescription>
        </detaileddescription>
        <inbodydescription>
        </inbodydescription>
        <location file="/home/ben/gnuradio/gnuradio-core/src/python/gnuradio/utils/doxyxml/example/aadvark.h" line="21" bodyfile="/home/ben/gnuradio/gnuradio-core/src/python/gnuradio/utils/doxyxml/example/aadvark.cc" bodystart="10" bodyend="15"/>
      </memberdef>
      <memberdef kind="function" id="aadvark_8h_1ae66f6b31b5ad750f1fe042a706a4e3d4" prot="public" static="no" const="no" explicit="no" inline="no" virt="non-virtual">
        <type>int</type>
        <definition>int main</definition>
        <argsstring>()</argsstring>
        <name>main</name>
        <briefdescription>
        </briefdescription>
        <detaileddescription>
        </detaileddescription>
        <inbodydescription>
        </inbodydescription>
        <location file="/home/ben/gnuradio/gnuradio-core/src/python/gnuradio/utils/doxyxml/example/aadvark.h" line="23" bodyfile="/home/ben/gnuradio/gnuradio-core/src/python/gnuradio/utils/doxyxml/example/aadvark.cc" bodystart="21" bodyend="28"/>
      </memberdef>
      </sectiondef>
    <briefdescription>
    </briefdescription>
    <detaileddescription>
    </detaileddescription>
    <programlisting>
<codeline lineno="1"><highlight class="preprocessor">#include<sp/>&lt;iostream&gt;</highlight><highlight class="normal"></highlight></codeline>
<codeline lineno="2"><highlight class="normal"></highlight></codeline>
<codeline lineno="10" refid="classAadvark" refkind="compound"><highlight class="keyword">class<sp/></highlight><highlight class="normal"><ref refid="classAadvark" kindref="compound" tooltip="Models the mammal Aadvark.">Aadvark</ref><sp/>{</highlight></codeline>
<codeline lineno="11"><highlight class="normal"></highlight><highlight class="keyword">public</highlight><highlight class="normal">:</highlight></codeline>
<codeline lineno="13"><highlight class="normal"><sp/><sp/></highlight><highlight class="keywordtype">void</highlight><highlight class="normal"><sp/><ref refid="classAadvark_1abd061aa5f998002e72080a34f512a059" kindref="member" tooltip="Outputs the vital aadvark statistics.">print</ref>();</highlight></codeline>
<codeline lineno="15"><highlight class="normal"><sp/><sp/><ref refid="classAadvark_1adf1a4b97a641411a74a04ab312484462" kindref="member">Aadvark</ref>(</highlight><highlight class="keywordtype">int</highlight><highlight class="normal"><sp/>aaness);</highlight></codeline>
<codeline lineno="16"><highlight class="normal"><sp/><sp/></highlight><highlight class="keywordtype">int</highlight><highlight class="normal"><sp/>get_aadvarkness();</highlight></codeline>
<codeline lineno="17"><highlight class="normal"></highlight><highlight class="keyword">private</highlight><highlight class="normal">:</highlight></codeline>
<codeline lineno="18"><highlight class="normal"><sp/><sp/></highlight><highlight class="keywordtype">int</highlight><highlight class="normal"><sp/>aadvarkness;</highlight></codeline>
<codeline lineno="19"><highlight class="normal">};</highlight></codeline>
<codeline lineno="20"><highlight class="normal"></highlight></codeline>
<codeline lineno="21"><highlight class="normal"></highlight><highlight class="keywordtype">bool</highlight><highlight class="normal"><sp/>aadvarky_enough(<ref refid="classAadvark" kindref="compound" tooltip="Models the mammal Aadvark.">Aadvark</ref><sp/>aad);</highlight></codeline>
<codeline lineno="22"><highlight class="normal"></highlight></codeline>
<codeline lineno="23"><highlight class="normal"></highlight><highlight class="keywordtype">int</highlight><highlight class="normal"><sp/>main();</highlight></codeline>
    </programlisting>
    <location file="/home/ben/gnuradio/gnuradio-core/src/python/gnuradio/utils/doxyxml/example/aadvark.h"/>
  </compounddef>
</doxygen>
