<?xml version='1.0' encoding='UTF-8' standalone='no'?>
<doxygen xmlns:xsi="http://www.w3.org/2001/XMLSchema-instance" xsi:noNamespaceSchemaLocation="compound.xsd" version="1.6.3">
  <compounddef id="aadvark_8cc" kind="file">
    <compoundname>aadvark.cc</compoundname>
    <includes local="no">iostream</includes>
    <includes refid="aadvark_8cc" local="yes">aadvark.h</includes>
    <includedby refid="aadvark_8cc" local="yes">aadvark.cc</includedby>
    <incdepgraph>
      <node id="0">
        <label>aadvark.cc</label>
        <link refid="aadvark.cc"/>
        <childnode refid="1" relation="include">
        </childnode>
      </node>
      <node id="1">
        <label>iostream</label>
      </node>
    </incdepgraph>
      <sectiondef kind="func">
      <memberdef kind="function" id="aadvark_8cc_1acb52858524210ec6dddc3e16d1e52946" prot="public" static="no" const="no" explicit="no" inline="no" virt="non-virtual">
        <type>bool</type>
        <definition>bool aadvarky_enough</definition>
        <argsstring>(Aadvark aad)</argsstring>
        <name>aadvarky_enough</name>
        <param>
          <type><ref refid="classAadvark" kindref="compound">Aadvark</ref></type>
          <declname>aad</declname>
        </param>
        <briefdescription>
        </briefdescription>
        <detaileddescription>
        </detaileddescription>
        <inbodydescription>
        </inbodydescription>
        <location file="/home/ben/gnuradio/gnuradio-core/src/python/gnuradio/utils/doxyxml/example/aadvark.cc" line="10" bodyfile="/home/ben/gnuradio/gnuradio-core/src/python/gnuradio/utils/doxyxml/example/aadvark.cc" bodystart="10" bodyend="15"/>
      </memberdef>
      <memberdef kind="function" id="aadvark_8cc_1ae66f6b31b5ad750f1fe042a706a4e3d4" prot="public" static="no" const="no" explicit="no" inline="no" virt="non-virtual">
        <type>int</type>
        <definition>int main</definition>
        <argsstring>()</argsstring>
        <name>main</name>
        <briefdescription>
        </briefdescription>
        <detaileddescription>
        </detaileddescription>
        <inbodydescription>
        </inbodydescription>
        <location file="/home/ben/gnuradio/gnuradio-core/src/python/gnuradio/utils/doxyxml/example/aadvark.cc" line="21" bodyfile="/home/ben/gnuradio/gnuradio-core/src/python/gnuradio/utils/doxyxml/example/aadvark.cc" bodystart="21" bodyend="28"/>
      </memberdef>
      </sectiondef>
    <briefdescription>
    </briefdescription>
    <detaileddescription>
    </detaileddescription>
    <programlisting>
<codeline lineno="1"><highlight class="preprocessor">#include<sp/>&lt;iostream&gt;</highlight><highlight class="normal"></highlight></codeline>
<codeline lineno="2"><highlight class="normal"></highlight><highlight class="preprocessor">#include<sp/>&quot;aadvark.h&quot;</highlight><highlight class="normal"></highlight></codeline>
<codeline lineno="3"><highlight class="normal"></highlight></codeline>
<codeline lineno="4"><highlight class="normal"></highlight><highlight class="keywordtype">void</highlight><highlight class="normal"><sp/><ref refid="classAadvark_1abd061aa5f998002e72080a34f512a059" kindref="member" tooltip="Outputs the vital aadvark statistics.">Aadvark::print</ref>()<sp/>{</highlight></codeline>
<codeline lineno="5"><highlight class="normal"><sp/><sp/>std::cout<sp/>&lt;&lt;<sp/></highlight><highlight class="stringliteral">&quot;aadvark<sp/>is<sp/>&quot;</highlight><highlight class="normal"><sp/>&lt;&lt;<sp/>aadvarkness<sp/>&lt;&lt;<sp/></highlight><highlight class="stringliteral">&quot;/10<sp/>aadvarky&quot;</highlight><highlight class="normal"><sp/>&lt;&lt;<sp/>std::endl;</highlight></codeline>
<codeline lineno="6"><highlight class="normal">}</highlight></codeline>
<codeline lineno="7"><highlight class="normal"></highlight></codeline>
<codeline lineno="8"><highlight class="normal"><ref refid="classAadvark_1adf1a4b97a641411a74a04ab312484462" kindref="member">Aadvark::Aadvark</ref>(</highlight><highlight class="keywordtype">int</highlight><highlight class="normal"><sp/>aaness):<sp/>aadvarkness(aaness)<sp/>{}</highlight></codeline>
<codeline lineno="9"><highlight class="normal"></highlight></codeline>
<codeline lineno="10"><highlight class="normal"></highlight><highlight class="keywordtype">bool</highlight><highlight class="normal"><sp/>aadvarky_enough(<ref refid="classAadvark" kindref="compound" tooltip="Models the mammal Aadvark.">Aadvark</ref><sp/>aad)<sp/>{</highlight></codeline>
<codeline lineno="11"><highlight class="normal"><sp/><sp/></highlight><highlight class="keywordflow">if</highlight><highlight class="normal"><sp/>(aad.get_aadvarkness()<sp/>&gt;<sp/>6)</highlight></codeline>
<codeline lineno="12"><highlight class="normal"><sp/><sp/><sp/><sp/></highlight><highlight class="keywordflow">return</highlight><highlight class="normal"><sp/></highlight><highlight class="keyword">true</highlight><highlight class="normal">;</highlight></codeline>
<codeline lineno="13"><highlight class="normal"><sp/><sp/></highlight><highlight class="keywordflow">else</highlight><highlight class="normal"></highlight></codeline>
<codeline lineno="14"><highlight class="normal"><sp/><sp/><sp/><sp/></highlight><highlight class="keywordflow">return</highlight><highlight class="normal"><sp/></highlight><highlight class="keyword">false</highlight><highlight class="normal">;</highlight></codeline>
<codeline lineno="15"><highlight class="normal">}</highlight></codeline>
<codeline lineno="16"><highlight class="normal"></highlight></codeline>
<codeline lineno="17"><highlight class="normal"></highlight><highlight class="keywordtype">int</highlight><highlight class="normal"><sp/>Aadvark::get_aadvarkness()<sp/>{</highlight></codeline>
<codeline lineno="18"><highlight class="normal"><sp/><sp/></highlight><highlight class="keywordflow">return</highlight><highlight class="normal"><sp/>aadvarkness;</highlight></codeline>
<codeline lineno="19"><highlight class="normal">}</highlight></codeline>
<codeline lineno="20"><highlight class="normal"></highlight></codeline>
<codeline lineno="21"><highlight class="normal"></highlight><highlight class="keywordtype">int</highlight><highlight class="normal"><sp/>main()<sp/>{</highlight></codeline>
<codeline lineno="22"><highlight class="normal"><sp/><sp/><ref refid="classAadvark" kindref="compound" tooltip="Models the mammal Aadvark.">Aadvark</ref><sp/>arold<sp/>=<sp/><ref refid="classAadvark" kindref="compound" tooltip="Models the mammal Aadvark.">Aadvark</ref>(6);</highlight></codeline>
<codeline lineno="23"><highlight class="normal"><sp/><sp/>arold.<ref refid="classAadvark_1abd061aa5f998002e72080a34f512a059" kindref="member" tooltip="Outputs the vital aadvark statistics.">print</ref>();</highlight></codeline>
<codeline lineno="24"><highlight class="normal"><sp/><sp/></highlight><highlight class="keywordflow">if</highlight><highlight class="normal"><sp/>(aadvarky_enough(arold))</highlight></codeline>
<codeline lineno="25"><highlight class="normal"><sp/><sp/><sp/><sp/>std::cout<sp/>&lt;&lt;<sp/></highlight><highlight class="stringliteral">&quot;He<sp/>is<sp/>aadvarky<sp/>enough&quot;</highlight><highlight class="normal"><sp/>&lt;&lt;<sp/>std::endl;</highlight></codeline>
<codeline lineno="26"><highlight class="normal"><sp/><sp/></highlight><highlight class="keywordflow">else</highlight><highlight class="normal"></highlight></codeline>
<codeline lineno="27"><highlight class="normal"><sp/><sp/><sp/><sp/>std::cout<sp/>&lt;&lt;<sp/></highlight><highlight class="stringliteral">&quot;He<sp/>is<sp/>not<sp/>aadvarky<sp/>enough&quot;</highlight><highlight class="normal"><sp/>&lt;&lt;<sp/>std::endl;</highlight></codeline>
<codeline lineno="28"><highlight class="normal">}</highlight></codeline>
<codeline lineno="29"><highlight class="normal"></highlight></codeline>
    </programlisting>
    <location file="/home/ben/gnuradio/gnuradio-core/src/python/gnuradio/utils/doxyxml/example/aadvark.cc"/>
  </compounddef>
</doxygen>
